Question,Translated Question,Model,Answer
My baby weight is 452 gram in 22weeks..is this normal,My baby weight is 452 gram in 22weeks..is this normal,gpt-4-turbo,"At 22 weeks, the average weight of a fetus is typically around 430 grams, although this can vary. A weight of 452 grams falls within a normal range, but it's important to remember that fetal growth can vary widely. Each pregnancy is unique, and many factors can influence fetal weight, including genetics and maternal health.

It's great that you're keeping track of your baby's development! However, for personalized advice and to ensure everything is progressing well, it's important to regularly consult with your healthcare provider. They can offer more specific insights based on your individual health and pregnancy details. If you have any concerns about your baby's growth or your pregnancy in general, don't hesitate to bring them up during your visits."
My baby weight is 452 gram in 22weeks..is this normal,My baby weight is 452 gram in 22weeks..is this normal,gpt-4-turbo_rag,"Based on the information provided, I don't have specific guidelines regarding fetal weight at 22 weeks to determine if 452 grams is within a normal range. It's important to discuss this with your healthcare provider, who can assess the growth of your baby in the context of overall health and development during your pregnancy. They can provide you with the best advice and care. Remember, regular prenatal check-ups are crucial for monitoring the health and development of your baby. If you have any concerns about your pregnancy, it's always best to consult with your healthcare provider."
My baby weight is 452 gram in 22weeks..is this normal,My baby weight is 452 gram in 22weeks..is this normal,llama,"नमस्ते माँ, आपका बेटा 452 ग्राम वजन में है और 22 सप्ताह का है। आमतौर पर, 22 सप्ताह के बीच, गर्भावस्था के दौरान बच्चे का वजन लगभग 1.5 से 2.5 किलोग्राम होता है। 

आपके बच्चे का वजन 452 ग्राम है, जो 22 सप्ताह के बीच के औसत वजन से थोड़ा कम है। लेकिन यह अभी भी सामान्य है और आपके बच्चे के विकास के लिए पर्याप्त है। 

आपको अपने डॉक्टर से बात करनी चाहिए ताकि वे आपके बच्चे के वजन और विकास की जांच कर सकें और आपको किसी भी संभावित समस्या के बारे में सलाह दे सकें। 

कृपया अपने डॉक्टर से बात करें और उनकी सलाह का पालन करें।

Translation:

Hello mom, your baby weighs 452 grams and is 22 weeks old. Usually, at 22 weeks, the baby's weight is around 1.5 to 2.5 kilograms. 

Your baby's weight is 452 grams, which is a bit less than the average weight for 22 weeks, but it's still normal and sufficient for your baby's development. 

You should talk to your doctor to have your baby's weight and development checked, and to get advice on any potential issues. 

Please talk to your doctor and follow their advice."
My baby weight is 452 gram in 22weeks..is this normal,My baby weight is 452 gram in 22weeks..is this normal,llama_rag,"I don't have enough information to answer this question based on the provided guidelines. The provided context only mentions the weight of the baby at 22 weeks, which is 452 grams. However, it does not provide information on the expected weight range for a 22-week-old baby. To determine if the weight is normal, you would need to consult a healthcare provider or refer to a reliable source of fetal growth charts. They can provide personalized guidance on fetal growth and development."
My baby weight is 452 gram in 22weeks..is this normal,My baby weight is 452 gram in 22weeks..is this normal,mixtral,"Hello! I'm here to help provide some general information. However, it's important to remember that I can't provide personal medical advice. For that, you should always consult your healthcare provider.

Regarding your question about your baby's weight, typically, a baby's weight gain varies from week to week. At 22 weeks, the average baby weighs around 13.2 to 15.9 ounces (370 to 450 grams). So, your baby's weight of 452 grams is within the normal range. However, since every baby is unique, it's essential to monitor your baby's growth regularly through prenatal checkups.

Your healthcare provider is the best person to evaluate your baby's growth and provide personalized guidance. If you have any concerns about your baby's development, I encourage you to discuss them with your provider during your next appointment. They can offer accurate information based on your medical history and current situation.

Take care, and I hope this information has been helpful!"
My baby weight is 452 gram in 22weeks..is this normal,My baby weight is 452 gram in 22weeks..is this normal,mixtral_rag,"I'm sorry, but the provided context does not include specific information about your baby's weight or gestational age. However, I can tell you that a birth weight of less than 1500 grams is considered low birth weight and may require special care. It's important to consult with a healthcare provider for personalized advice and monitoring. They can assess your baby's health and provide appropriate guidance."
Sometimes I don’t feel the baby’s move ..is it okay or something else?,Sometimes I don’t feel the baby’s move ..is it okay or something else?,gpt-4-turbo,"It's completely understandable to feel concerned if you notice changes in your baby's movements. Generally, most women start to feel their baby move between 18 and 25 weeks of pregnancy. As your pregnancy progresses, these movements will become more regular and noticeable.

It's important to note that every baby has different patterns of activity, and these can vary day by day. However, a noticeable decrease in movements or a complete cessation of movement can be a sign that needs medical attention.

Here are a few steps you can take:
1. Try to relax and focus on the movements. Sometimes, lying on your left side can help you feel the movements more distinctly.
2. Keep a record of your baby's active times. You may notice patterns when your baby is more active.
3. If you feel like the movements have decreased significantly or stopped, it's important to contact your healthcare provider immediately. They can perform checks to ensure everything is okay with your baby.

Remember, it's always better to get checked and be reassured rather than worry. Always consult your healthcare provider for any concerns regarding your pregnancy. They are there to help ensure both you and your baby are healthy and safe."
Sometimes I don’t feel the baby’s move ..is it okay or something else?,Sometimes I don’t feel the baby’s move ..is it okay or something else?,gpt-4-turbo_rag,"It's normal to occasionally not feel your baby move, especially earlier in pregnancy when movements can be less noticeable. However, if you notice a significant decrease in your baby's movements or if movements stop, this could be a sign of a serious complication. It's important to monitor the baby's movements, especially as you get further along in your pregnancy.

If you're concerned about the frequency or pattern of your baby's movements, it's best to contact your healthcare provider immediately for further advice. They can perform checks to ensure everything is progressing well with your pregnancy. Remember, it's always better to be cautious and seek advice if you're unsure or worried."
Sometimes I don’t feel the baby’s move ..is it okay or something else?,Sometimes I don’t feel the baby’s move ..is it okay or something else?,llama,"नमस्ते माँ, आपका स्वास्थ्य बहुत महत्वपूर्ण है और आपके बच्चे का स्वास्थ्य भी बहुत महत्वपूर्ण है। कभी-कभी गर्भावस्था के दौरान या स्तनपान करने के बाद भी बच्चे के हाथों या पैरों के दबाव को महसूस नहीं करने की समस्या हो सकती है। यह सामान्य है और इसका कोई गंभीर स्वास्थ्य संबंध नहीं है।

कुछ कारण हो सकते हैं जिनके कारण आप बच्चे के हाथों या पैरों के दबाव को महसूस नहीं कर पाती हैं:

*   गर्भावस्था के दौरान आपके शरीर में हार्मोनल परिवर्तन होते हैं जो आपके शरीर को संवेदनशील बनाते हैं।
*   आपके बच्चे की स्थिति या स्थितियाँ जैसे कि गर्भाशय में स्थिति या गर्भनाल की स्थिति आपको बच्चे के हाथों या पैरों के दबाव को महसूस करने में परेशानी पहुंचा सकती हैं।
*   आपके शरीर में पर्याप्त पोषण और विटामिन नहीं हो सकते हैं जो आपके शरीर को स्वस्थ बनाए रखने में मदद करते हैं।

यदि आप अपने बच्चे के हाथों या पैरों के दबाव को महसूस नहीं कर पाती हैं तो आपको अपने डॉक्टर से संपर्क करना चाहिए। वे आपको अपने स्वास्थ्य की जांच करेंगे और आपको उचित सलाह देंगे।

आपका स्वास्थ्य और आपके बच्चे का स्वास्थ्य बहुत महत्वपूर्ण है, इसलिए अपने स्वास्थ्य की जांच करना और अपने ड"
Sometimes I don’t feel the baby’s move ..is it okay or something else?,Sometimes I don’t feel the baby’s move ..is it okay or something else?,llama_rag,"I don’t have enough information to answer this question based on the provided guidelines. The guidelines do not mention anything about the frequency of fetal movement. However, it does mention that newborns normally move their arms or legs or turn their head several times in a minute. If you are concerned about the baby’s movement, I would recommend consulting a healthcare provider for personalized advice. They can assess the baby's overall health and provide guidance on any concerns you may have."
Sometimes I don’t feel the baby’s move ..is it okay or something else?,Sometimes I don’t feel the baby’s move ..is it okay or something else?,mixtral,"अगर आप बच्चे के आघात नहीं महसूस कर रही हैं, तो आप समझना चाहिए कि हर समय आघात महसूस नहीं करना बच्चे के स्वस्थ रहने का एक संकेत नहीं है। लेकिन आप अपने गर्भस्थ दृष्टिगत डाक्टर से सलाह लेने के लिए समय पर समझदार होना चाहिए। वे आपको सही सलाह देंगे।"
Sometimes I don’t feel the baby’s move ..is it okay or something else?,Sometimes I don’t feel the baby’s move ..is it okay or something else?,mixtral_rag,"It's normal for the baby's movements to vary from time to time. However, if you notice a significant decrease in your baby's movements or if you haven't felt any movement for a while, it's important to consult your healthcare provider. They can check your baby's heartbeat and make sure everything is okay. It's always better to be safe and seek medical advice when it comes to your baby's health."
I have seen prickly heat and itching on some part of my body... What should I do?,I have seen prickly heat and itching on some part of my body... What should I do?,gpt-4-turbo,"Prickly heat and itching can be quite uncomfortable, especially during pregnancy when your skin may be more sensitive than usual. Here are a few tips to help alleviate these symptoms:

1. **Keep Cool**: Try to stay in cooler environments as much as possible. Overheating can worsen prickly heat.

2. **Wear Loose Clothing**: Opt for loose, lightweight, and breathable clothing. Tight clothing can irritate the skin further.

3. **Hydration**: Drink plenty of water throughout the day to stay hydrated. This helps regulate body temperature and reduce sweating.

4. **Cool Baths**: Taking cool baths or showers can help soothe the itch and reduce the heat sensation.

5. **Calamine Lotion**: Applying calamine lotion to the affected areas can provide relief from itching.

6. **Avoid Heavy Creams**: Avoid using heavy creams or ointments on the affected areas as they can block pores and exacerbate the problem.

While these tips can help manage symptoms, it's important to consult with your healthcare provider to ensure there are no other underlying issues causing your discomfort. They can provide guidance tailored to your specific health needs. Remember, it's always best to seek professional advice for any health concerns during pregnancy."
I have seen prickly heat and itching on some part of my body... What should I do?,I have seen prickly heat and itching on some part of my body... What should I do?,gpt-4-turbo_rag,"Prickly heat and itching are common during pregnancy due to hormonal changes and increased sweating. Here are a few tips to help manage the discomfort:

1. Keep the affected area cool and dry. Try to stay in cooler environments and avoid excessive heat.
2. Wear loose, breathable clothing made from natural fibers like cotton, which allows your skin to breathe and reduces irritation.
3. Bathe in cool water and use a mild soap that is gentle on the skin.
4. You can apply a calamine lotion or an over-the-counter hydrocortisone cream to soothe itching. However, it's always best to consult with your healthcare provider before using any medications.
5. Stay hydrated by drinking plenty of water, as this helps to regulate your body temperature.

If the itching is severe, widespread, or accompanied by other symptoms like jaundice, it's important to consult your healthcare provider for further evaluation. Remember, it's always best to seek personalized advice from your healthcare provider regarding any health concerns during pregnancy."
I have seen prickly heat and itching on some part of my body... What should I do?,I have seen prickly heat and itching on some part of my body... What should I do?,llama,"मैं समझती हूँ कि यह समस्या आपके लिए परेशानी का कारण बन रही है। प्रिकली हीट और त्वचा पर जलन का इलाज करने के लिए, आपको अपने डॉक्टर से परामर्श करना चाहिए। वे आपको उचित उपचार और सलाह दे सकते हैं। हालांकि, कुछ मामलों में, यह समस्या गर्भावस्था के दौरान या स्तनपान के दौरान हो सकती है, इसलिए आपको अपने डॉक्टर से बात करनी चाहिए ताकि वे आपकी स्थिति का मूल्यांकन कर सकें।

कुछ घरेलू उपचार जो आपको आजमा सकती हैं:

* ताज़ा और ठंडा पानी से स्नान करना
* त्वचा पर कूलिंग क्रीम या लोशन लगाना
* एंटीहिस्टामाइन दवा लेना (यदि आपको डॉक्टर की सलाह लेते हैं)

लेकिन, कृपया ध्यान रखें कि ये घरेलू उपचार आपकी समस्या का पूरा समाधान नहीं हो सकते हैं। आपको अपने डॉक्टर से परामर्श करना चाहिए ताकि वे आपकी स्थिति का मूल्यांकन कर सकें और आपको उचित उपचार की सलाह दे सकें।

आपकी सेहत के लिए मैं चिंतित हूँ और मैं आपको यह बताना चाहती हूँ कि आपको अपने डॉक्टर से बात करनी चाहिए। वे आपकी समस्या का समाधान करने में आपकी मदद कर सकते हैं।"
I have seen prickly heat and itching on some part of my body... What should I do?,I have seen prickly heat and itching on some part of my body... What should I do?,llama_rag,"Prickly heat is a common skin condition that occurs when the skin's sweat glands become overactive. It's usually harmless and can be treated with self-care measures. You can try applying cool compresses, taking cool showers, and using moisturizers to soothe the affected area. If the symptoms persist or worsen, it's always best to consult a healthcare provider for further guidance. They can assess the situation and provide personalized advice. In the meantime, you can try over-the-counter antihistamines or hydrocortisone cream to help alleviate itching and discomfort. However, if you experience any signs of infection, such as increased redness, swelling, or pus, seek medical attention immediately."
I have seen prickly heat and itching on some part of my body... What should I do?,I have seen prickly heat and itching on some part of my body... What should I do?,mixtral,"Prickly heat and itching can be caused by excessive sweating, which is common during pregnancy. To help alleviate these symptoms, you can try the following:

1. Keep the affected areas cool and dry.
2. Wear loose, breathable clothing.
3. Avoid using harsh soaps or lotions on the affected areas.
4. Use over-the-counter creams or lotions specifically designed for prickly heat.

However, if the itching is severe or accompanied by other symptoms, such as a rash or fever, it is important to consult a healthcare provider. They can determine the cause and provide appropriate treatment.

Note: This advice is intended to be general in nature, and specific causes may not apply to your situation. Always consult with a healthcare provider for accurate information."
I have seen prickly heat and itching on some part of my body... What should I do?,I have seen prickly heat and itching on some part of my body... What should I do?,mixtral_rag,"It sounds like you might be experiencing prickly heat or heat rash, which can cause itching and small red bumps on the skin. This is usually harmless and goes away on its own once the skin cools down. To help soothe the itching, you can try the following:

1. Stay in a cool, airy place to allow your skin to breathe and reduce sweating.
2. Wear loose, light clothing made of natural fibers like cotton.
3. Avoid using harsh soaps, lotions, or perfumes that might irritate your skin.
4. Take cool showers or baths to help relieve itching.
5. Apply calamine lotion or aloe vera gel to the affected areas to soothe the skin.

However, if the itching is severe, persistent, or accompanied by other symptoms like fever, rash, or swelling, it's important to consult a healthcare provider for further evaluation. They can help determine the cause of your symptoms and recommend appropriate treatment."
Pragnancy me mango 🥭 kitna mntra me kha skti hu,Pragnancy me mango 🥭 kitna mntra me kha skti hu,gpt-4-turbo,"Pregnancy mein aam khaana bilkul theek hai, lekin iska sewan simit maatra mein karna chahiye. Aam mein vitamin C aur fiber hota hai jo ki garbhavastha ke dauraan faydemand hota hai. Lekin, aam mein sugar bhi kafi hoti hai, isliye agar aapko diabetes ya koi aur sugar se related samasya hai to aam ka sewan dhyaan se karna chahiye.

Ek din mein ek ya do chhote aam ya aadha bada aam kha sakte hain, lekin ye bhi aapki overall diet aur health condition par depend karta hai. Har vyakti ki nutritional zarooratein alag hoti hain, isliye apne doctor se salah zaroor lein ki aapke liye kya uchit hai.

Yadi aapko pregnancy mein kisi bhi prakar ki allergy ya pachan sambandhi samasyaein ho rahi hain to turant apne doctor se sampark karein. Har mahila ka garbhavastha ka anubhav alag hota hai, isliye apne doctor ki salah ke anusaar hi aahar lein."
Pragnancy me mango 🥭 kitna mntra me kha skti hu,Pragnancy me mango 🥭 kitna mntra me kha skti hu,gpt-4-turbo_rag,"Mujhe mango ke sevan ke liye kisi specific mahine ke bare mein jankari dene ke liye paryapt suchna nahi hai, jo di gayi guidelines mein shaamil hai. Aam tor par, mango ek poshtik phal hai jo vitamin C aur fiber se bharpoor hota hai. Garbhavastha ke dauran, yadi aapko mango se koi allergy nahi hai aur aapka sugar level samanya hai, to aap iska sevan kar sakti hain, lekin yah sunishchit karein ki aap ise santulit matra mein khayein. Har vyakti ki nutritional zarooratein alag hoti hain, isliye apne aahar mein mango shamil karne se pehle ek swasthya visheshagya ya apne doctor se salah zaroor lein."
Pragnancy me mango 🥭 kitna mntra me kha skti hu,Pragnancy me mango 🥭 kitna mntra me kha skti hu,llama,"मैं आपको आश्वस्त करना चाहती हूँ कि मांगो का सेवन करने से आपके और आपके बच्चे के लिए कोई बड़ा खतरा नहीं है। लेकिन, मैं आपको यह बताना चाहती हूँ कि मांगो में विटामिन ए और विटामिन सी की मात्रा अधिक होती है, जो आपके बच्चे के विकास के लिए बहुत जरूरी हैं।

हालांकि, मैं आपको यह सलाह देना चाहती हूँ कि आप मांगो का सेवन करने से पहले अपने डॉक्टर से परामर्श करें। यह आपको यह जानने में मदद करेगा कि आपके लिए मांगो का सेवन करना सुरक्षित है या नहीं।

आपके और आपके बच्चे के स्वास्थ्य के लिए, यह एक अच्छा विचार है कि आप मांगो का सेवन करने से पहले अपने डॉक्टर से बात करें।

Translation:
Don't worry, eating mangoes is not a big risk for you and your baby. However, I want to inform you that mangoes are rich in vitamins A and C, which are very important for your baby's development.

Although, I would advise you to consult your doctor before consuming mangoes. This will help you determine if it's safe for you to eat mangoes.

It's a good idea to talk to your doctor before consuming mangoes, to ensure your and your baby's health."
Pragnancy me mango 🥭 kitna mntra me kha skti hu,Pragnancy me mango 🥭 kitna mntra me kha skti hu,llama_rag,"I don't have enough information to answer this question based on the provided guidelines. The guidelines do not mention mango as a recommended or restricted food item during pregnancy. However, it is always best to consult a healthcare provider for personalized advice on what foods are safe and healthy during pregnancy."
Pragnancy me mango 🥭 kitna mntra me kha skti hu,Pragnancy me mango 🥭 kitna mntra me kha skti hu,mixtral,आप प्रेग्नन्त हैं तो आप मंगो खा सकती हैं। लेकिन आपको अपने स्वास्थ्य प्रदाता से सलाह लेनी चाहिए।
Pragnancy me mango 🥭 kitna mntra me kha skti hu,Pragnancy me mango 🥭 kitna mntra me kha skti hu,mixtral_rag,"Mangoes can be consumed during pregnancy, but it is important to maintain a balanced diet and not consume too much of any one food. Mangoes are rich in vitamins A and C, but they also contain natural sugars. It is recommended to eat at least 3 main meals and 2 nutritious snacks daily, including a variety of fruits and vegetables. However, if you have any concerns about your diet during pregnancy, it is always best to consult with a healthcare provider for personalized advice."
Bacche ko Tej Sardi ho to kaise usko maintain Karen,Bacche ko Tej Sardi ho to kaise usko maintain Karen,gpt-4-turbo,"Agar bacche ko tej sardi lagi ho, to sabse pehle to aapko chinta karne ki zarurat nahi hai. Sardi aam baat hai, lekin dhyan rakhein ki bacche ko sahi dekhbhal aur aaram mile. Yahan kuch upay diye gaye hain jo aap apne bacche ki sardi ko manage karne ke liye kar sakti hain:

1. **Garmi aur Aaram**: Bacche ko garm rakhen, lekin overheat na hone dein. Garm kapde pehnayein, aur agar zarurat ho to ek halka kambal bhi de sakte hain.

2. **Hydration**: Bacche ko paryapt matra mein taral padarth dete rahein. Agar baccha stanpan kar raha hai, to usse adhik baar stanpan karayein. Bade baccho ko aap garm paani ya herbal tea bhi de sakte hain.

3. **Nasal Drops**: Agar bacche ki naak band hai to saline nasal drops ka istemal kar sakte hain. Ye bacche ki naak ko saaf karne mein madad karega.

4. **Kamre ka Mahaul**: Bacche ke kamre ko saaf rakhein aur hawa aane dein. Kamre me humidifier ka istemal karne se bhi bacche ko saans lene mein aasani hogi.

5. **Aahar**: Bacche ko halka aur poshtik aahar dein. Agar baccha thoda bada hai to usse garm soup ya khichdi de sakte hain.

6. **Doctor se Salah**: Agar sardi jyada din tak bani rahe ya bacche ko bukhar aaye, saans lene mein dikkat ho, ya koi aur lakshan dikhayi de, to turant doctor se sampark karein.

Har bacche ka swasthya alag hota hai, isliye agar aapko kisi bhi tarah ki chinta ho to bina der kiye doctor se consult karein. Swasthya se judi har samasya ka samadhan samay par aur sahi tareeke se hona chahiye."
Bacche ko Tej Sardi ho to kaise usko maintain Karen,Bacche ko Tej Sardi ho to kaise usko maintain Karen,gpt-4-turbo_rag,"Agar bacche ko tej sardi ho rahi hai, toh yeh kuch upay hain jo aap kar sakti hain:

1. Bacche ko garam rakhein: Bacche ko acche se cover karein, khaaskar uske sir aur pair ko. Thandi mausam mein, bacche ko extra kapde pahnaayein.

2. Bacche ke sone ka sthan garam rakhein: Bacche ko sone ke liye ek garam aur sukhad jagah pradan karein. Agar aapke paas radiant warmer hai toh uska istemal karein.

3. Swachhta ka dhyan rakhein: Bacche ko sambhalte waqt haatho ko saaf rakhein aur bacche ko bhi saaf rakhein.

4. Bacche ko skin-to-skin contact dein: Agar bacche ko sardi zyada hai toh usko apni skin se lagaye rakhna (kangaroo mother care) madadgar ho sakta hai kyunki yeh bacche ko garam rakhta hai.

5. Agar bacche ko saans lene mein dikkat ho rahi hai ya uske anya gambhir lakshan dikhayi de rahe hain, toh turant swasthya seva pradan karne wale se sampark karein.

Yeh upay aam taur par madadgar hote hain, lekin agar aapko lagta hai ki sthiti gambhir hai, toh kripya turant doctor se sampark karein."
Bacche ko Tej Sardi ho to kaise usko maintain Karen,Bacche ko Tej Sardi ho to kaise usko maintain Karen,llama,"Aapki samasya ka samadhan dene ke liye, main aapko kuchh sujhav de sakta hoon. Bacche ko tej sardi se bachana ek mahatvapurna baat hai, khaskar jab vah bachcha chhota hai. 

Pehle, aapko apne bachche ko garmi se bachana hoga. Iske liye, aap unhein garmi se bachne wale vyanjanon jaise ki paani, nimbu pani, aur phalon ko khilana chahiye. 

Dusra, aapko apne bachche ko garmi se bachne ke liye aapke ghar mein thanda rakhna hoga. Iske liye, aap unhein thanda rakhne wale vyanjanon jaise ki paani, phal, aur thanda khana khilana chahiye. 

Teesra, aapko apne bachche ko garmi se bachne ke liye aapke ghar mein thanda rakhne ke liye thanda rakhne wale vyanjanon ka upyog karna hoga. Iske liye, aap unhein thanda rakhne ke liye thanda rakhne wale vyanjanon jaise ki paani, phal, aur thanda khana khilana chahiye. 

Ant mein, aapko apne bachche ko garmi se bachne ke liye aapke ghar mein thanda rakhne ke liye thanda rakhne wale vyanjanon ka upyog karna hoga. Iske liye, aap unhein thanda rakhne ke liye thanda rakhne wale vyanjanon jaise ki paani, phal, aur thanda khana khilana chahiye. 

Aapke bachche ko garmi se bachne ke liye aapke ghar mein thanda rakhne ke liye thanda rakhne wale vyanjanon ka upyog karna hoga. Iske liye, aap unhein thanda rakhne ke liye thanda rakhne wale vyanjanon jaise ki paani, phal, aur thanda kh"
Bacche ko Tej Sardi ho to kaise usko maintain Karen,Bacche ko Tej Sardi ho to kaise usko maintain Karen,llama_rag,"Bacche ko tej sardi se bachana ke liye, uske liye aapko kuchh upyogi tips follow karna hoga. 

Pehla, aapko bacche ko apne aas-paas ke aise aise sthan rakha jahaan uska aaram kare aur uske shareer ko garmi mile. 

Dusra, aapko bacche ko apne aas-paas ke aise aise kapde pehna hoga jo uske shareer ko garmi dete hain. 

Teesra, aapko bacche ko apne aas-paas ke aise aise sthan rakha jahaan uska aaram kare aur uske shareer ko garmi mile. 

Aapko bacche ko apne aas-paas ke aise aise sthan rakha jahaan uska aaram kare aur uske shareer ko garmi mile. 

Aapko bacche ko apne aas-paas ke aise aise sthan rakha jahaan uska aaram kare aur uske shareer ko garmi mile. 

Aapko bacche ko apne aas-paas ke aise aise sthan rakha jahaan uska aaram kare aur uske shareer ko garmi mile. 

Aapko bacche ko apne aas-paas ke aise aise sthan rakha jahaan uska aaram kare aur uske shareer ko garmi mile. 

Aapko bacche ko apne aas-paas ke aise aise sthan rakha jahaan uska aaram kare aur uske shareer ko garmi mile. 

Aapko bacche ko apne aas-paas ke aise aise sthan rakha jahaan uska aaram kare aur uske shareer ko garmi mile. 

Aapko bacche ko apne aas-paas ke aise aise sthan rakha jahaan uska aaram kare aur uske shareer ko garmi mile. 

Aapko bacche ko apne aas-paas ke aise aise sthan rakha jahaan uska aaram kare aur uske shareer ko garmi"
Bacche ko Tej Sardi ho to kaise usko maintain Karen,Bacche ko Tej Sardi ho to kaise usko maintain Karen,mixtral,"Agar aapka bacha tej sardi mein hai to iska kuch samadhan hai.

1. Aapko apne bachche ko sahi tarah pakad kar uthaya karna chahiye, jisse unki thakan kam hoti hai.

2. Bacche ko sahi tarah palla dhoye rakhein, isse unki bimariyon se door rehte hain.

3. Bacche ko sahi tarah khana do, jismein thandi pani, fruits aur vegetables hon.

4. Bacche ko sahi tarah kapde pehenaya jaye, jisse unki thandi se bache rehte hain.

5. Agar bachche ki sardi bahut tej hoti hai to aap uske doctor se salah le sakte hain.

Is prakar, aap apne bachche ko tej sardi se bache sakte hain. Lekin agar aapko koi shakti hai to aap apne bachche ki salah lekar apne doctor se jayein."
Bacche ko Tej Sardi ho to kaise usko maintain Karen,Bacche ko Tej Sardi ho to kaise usko maintain Karen,mixtral_rag,Agar bacche mein tej sardi ho to unhe aaram se rakhein. Thodi der tak unki sar aur pair chunein. Unhe ek aur kapda pehena do. Bacche ko sabse pehle rakhein jahaan se sehatmand hawa aati hai. Isse bacche ko thandi nahi honi padegi. Bacche ko thandi nahi honi chahiye. Isse bacche ki sardi kam hogi.
Kya pregnancy m bleeding hoti h kya yeh normal h,Kya pregnancy m bleeding hoti h kya yeh normal h,gpt-4-turbo,"Pregnancy mein kabhi-kabhi halki bleeding ya spotting ho sakti hai, jo kai baar normal hoti hai, lekin yeh zaroori hai ki iska sahi karan pata lagaya jaye. Pregnancy ke shuruaati dino mein, jab embryo garbhashay ki deewar se judta hai, tab thodi bahut spotting ho sakti hai, jise 'implantation bleeding' kehte hain. Lekin, agar bleeding adhik ho ya dard ke saath ho, toh yeh chinta ka vishay ho sakta hai aur iska turant pata lagwana chahiye.

Kuch aur karan bhi ho sakte hain jaise ki garbhpaat, ectopic pregnancy (jahan embryo garbhashay ke bahar badh raha ho), ya placenta se judi samasyaen. Isliye, agar aapko pregnancy ke dauran kisi bhi prakar ki bleeding ho rahi hai, toh yeh zaroori hai ki aap apne doctor se sampark karein aur zaroori jaanch karwayein.

Har mahila ki pregnancy alag hoti hai, aur kisi bhi samasya ya shanka ke liye aapka swasthya pradaata hi sabse achha margdarshan kar sakta hai. Apni niyamit check-ups ko na chhodein aur kisi bhi tarah ki asamanya lakshano ko turant apne doctor ke saath share karein."
Kya pregnancy m bleeding hoti h kya yeh normal h,Kya pregnancy m bleeding hoti h kya yeh normal h,gpt-4-turbo_rag,"Bleeding ke dauran pregnancy mein hamesha ek chinta ka vishay hota hai aur ise halka nahi lena chahiye. Pregnancy ke shuruaati 20 hafte ke dauran, bleeding ka karan ho sakta hai dhamki di hui garbhpaat (threatened abortion), swatah garbhpaat (spontaneous abortion), ectopic pregnancy ya hydatidiform mole. Agar aapko bleeding ho rahi hai, to yeh zaroori hai ki aap turant apne swasthya seva pradaata se sampark karein.

Bleeding hamesha normal nahi hoti hai aur iska karan aur prabandhan vyakti ke aadhaar par alag-alag ho sakta hai. Isliye, yadi aapko pregnancy ke dauran kisi bhi prakar ki bleeding ho rahi hai, to kripya apne doctor ya swasthya seva pradaata se sampark karein taki ve sthiti ka sahi mulyankan kar sakein aur uchit salah de sakein."
Kya pregnancy m bleeding hoti h kya yeh normal h,Kya pregnancy m bleeding hoti h kya yeh normal h,llama,"Pregnancy mein bleeding hoti hai, lekin yeh normal nahin hoti hai. Kuchh samayon mein bleeding normal hota hai, lekin agar yeh jaldi se badh jata hai ya bahut jyada hota hai, to yeh ek chinta jagata hai.

Pregnancy mein bleeding ke kai kaaran ho sakte hain, jaise ki hormonal parivartan, utpaadakta ki prakriya, ya kisi bhi samasya ke kaaran. Agar aapko pregnancy mein bleeding hota hai, to aapko apne doctor se baat karni chahiye. Ve aapko right diagnosis aur treatment ke baare mein bata sakte hain.

Aapko yeh bhi dhyan rakhna chahiye ki pregnancy mein bleeding se aapki health kaise hai. Agar aapko koi samasya hai, to aapko apne doctor se baat karni chahiye. Unhe aapki symptoms aur health ke baare mein batayein, aur ve aapko right treatment ke baare mein bata sakte hain.

Yeh bhi mahatvapoorn hai ki aap apne pregnancy ke dauran apne health ko dhyan mein rakhein. Regular check-ups karne se aapko apni health ko achhe se samajhne mein madad milegi, aur aapko koi samasya pehle se hi dikhne mein madad milegi."
Kya pregnancy m bleeding hoti h kya yeh normal h,Kya pregnancy m bleeding hoti h kya yeh normal h,llama_rag,"Pregnancy m bleeding hoti h kya yeh normal h

Pregnancy m bleeding hoti h, lekin yeh normal nahin h. Pregnancy m bleeding hoti h, jise threatened abortion ya incomplete spontaneous abortion kaha jata hai. Yeh bleeding light hoti h, aur yeh pregnancy ke 20 week tak hoti h. Agar bleeding heavy hoti h, ya uterine tenderness hoti h, to yeh incomplete spontaneous abortion ho sakta hai. Agar bleeding light hoti h, aur uterine tenderness nahin hoti h, to yeh threatened abortion ho sakta hai.

Yadi aapko pregnancy m bleeding hoti h, to aapko apne doctor se baat karni chahiye. Unhone aapki pregnancy ki jaanch ki hogi, aur unhone aapko pata chalega ki aapki pregnancy m bleeding kitni normal hai. Agar aapki pregnancy m bleeding heavy hoti h, ya uterine tenderness hoti h, to aapko hospital mein le jaana pad sakta hai.

Yadi aapko koi dusri samasya hai, to aap mujhe puch sakte hain. Main aapki madad karne ke liye yahaan hoon."
Kya pregnancy m bleeding hoti h kya yeh normal h,Kya pregnancy m bleeding hoti h kya yeh normal h,mixtral,"Bleeding during pregnancy can be a common occurrence, but it's important to pay attention to the amount and timing of the bleeding. Light spotting or bleeding during early pregnancy (up to 12 weeks) can be normal and may be caused by implantation bleeding or changes in the cervix. However, heavy bleeding, passing tissue, or bleeding accompanied by pain or cramping can be a sign of a more serious issue, such as a miscarriage or ectopic pregnancy. If you experience any of these symptoms, it's crucial to consult a healthcare provider immediately.

In Hindi:
प्रेग्नेंसी में खून निकलना सामान्य हो सकता है, लेकिन खून की मात्रा और समय पर ध्यान देना अहम है। शुरुआती प्रेग्नेंसी तक (12 सप्ताह तक) के दौरान सूक्ष्म खून निकलना सामान्य हो सकता है और इसका कारण इम्प्लांटेशन ब्लडिंग या सिर्फ सिवरिक्स के परिवर्तन हो सकते हैं। लेकिन बहुत अधिक खून निकलना, टिशू निकलना, या दर्द या क्रैंपिंग के साथ खून निकलना समस्याओं का संकेत हो सकता है, जैसे क"
Kya pregnancy m bleeding hoti h kya yeh normal h,Kya pregnancy m bleeding hoti h kya yeh normal h,mixtral_rag,"Bleeding during pregnancy can be normal, but it can also be a sign of a problem. If you are experiencing bleeding, it is important to pay attention to the amount and color of the blood, as well as any other symptoms you may be having. In early pregnancy, light bleeding with lower abdominal pain could be a sign of a threatened abortion, which is when the cervix begins to open but the pregnancy is not expelled. This is not usually a serious condition, but it is important to be monitored by a healthcare provider. If you have heavy bleeding, severe abdominal pain, or any other concerning symptoms, you should seek medical attention immediately. It is always best to consult with a healthcare provider for personalized medical advice."
mujhe thyroid h to kya isse bhi breast milk pe asar hota h,mujhe thyroid h to kya isse bhi breast milk pe asar hota h,gpt-4-turbo,"Thyroid ki samasya hone se breast milk par asar pad sakta hai, lekin ye har vyakti ke liye alag hota hai. Thyroid hormones ka santulan mahila ke sharir mein kai prakriyaon ko niyantrit karta hai, jisme doodh banane ki kshamata bhi shamil hai. Yadi aapka thyroid underactive hai (hypothyroidism) ya overactive hai (hyperthyroidism), to isse doodh banane ki matra mein parivartan ho sakta hai.

Lekin, sahi ilaj aur niyantran ke sath, aapka thyroid samanya star par aa sakta hai, jisse doodh utpadan par bhi sakaratmak asar padega. Isliye, yadi aapko thyroid ki samasya hai to apne doctor se mil kar uchit ilaj aur salah zaroor lein. Doctor aapko thyroid ke star ko niyantran mein rakhne ke liye dawaiyan aur anya upay bata sakte hain.

Aapka swasthya aur aapke bachche ka swasthya dono mahatvapurn hain, isliye kisi bhi chinta ya sawal ke liye apne healthcare provider se baat karna na bhulein."
mujhe thyroid h to kya isse bhi breast milk pe asar hota h,mujhe thyroid h to kya isse bhi breast milk pe asar hota h,gpt-4-turbo_rag,"Mujhe aapke sawaal ka jawab dene ke liye di gayi jaankari mein koi seedha sandarbh nahi mila hai ki thyroid ki samasya se breast milk par kya asar padta hai. Yeh zaroori hai ki aap apne healthcare provider se is vishay mein vistar se baat karein, kyunki ve aapki personal medical condition ko samajhne mein madad kar sakte hain aur sahi salah de sakte hain. Thyroid ki samasyaon ka ilaaj aur unka prabandhan zaroori hai, aur yeh aapke overall swasthya aur breastfeeding ke anubhav par asar daal sakta hai. Kripya apne doctor se sampark karein taaki aapko sahi margdarshan mil sake."
mujhe thyroid h to kya isse bhi breast milk pe asar hota h,mujhe thyroid h to kya isse bhi breast milk pe asar hota h,llama,"अगर आपको थायराइड है, तो यह आपके दूध पिलाने के लिए कुछ प्रभाव डाल सकता है, लेकिन यह बहुत कम होता है। थायराइड की समस्या से प्रभावित होने वाले माता-पिता के बच्चों को थायराइड हार्मोन की कमी हो सकती है, जो उनके विकास में समस्याएं पैदा कर सकती हैं।

हालांकि, अधिकांश मामलों में, थायराइड की समस्या से प्रभावित होने वाले माता-पिता के बच्चे ठीक से दूध पीते हैं और स्वस्थ विकास का अनुभव करते हैं। आपको अपने डॉक्टर से परामर्श करना चाहिए ताकि आप अपने बच्चे की स्थिति के बारे में अधिक जानकारी प्राप्त कर सकें।

कुछ मामलों में, थायराइड की समस्या से प्रभावित होने वाले माता-पिता के बच्चों को थायराइड हार्मोन की कमी के कारण दूध पीने में कठिनाई हो सकती है, लेकिन यह बहुत कम होता है। आपको अपने डॉक्टर से परामर्श करना चाहिए ताकि आप अपने बच्चे की स्थिति के बारे में अधिक जानकारी प्राप्त कर सकें।

आपको यह भी ध्यान रखना चाहिए कि थायराइड की समस्या से प्रभावित होने वाले माता-पिता के बच्चों को कुछ समय के लिए थायराइड हार्मोन की कमी के कारण थायराइड दवाओं की आवश्यकता हो सकती है। आपको अपने डॉक्टर से परामर्श करना चाहिए ताकि आप अपने बच्चे की स्थिति के बारे"
mujhe thyroid h to kya isse bhi breast milk pe asar hota h,mujhe thyroid h to kya isse bhi breast milk pe asar hota h,llama_rag,"Thyroid issues can affect breastfeeding, but it's not a straightforward issue. If you have a thyroid condition, it's essential to discuss it with your healthcare provider. They can help you understand how your thyroid condition might impact your milk supply and provide guidance on managing it. In some cases, thyroid medication may be adjusted to ensure it doesn't interfere with milk production. However, it's crucial to note that thyroid issues can also affect the quality of your milk, and your healthcare provider will work with you to ensure your baby receives the best possible nutrition. 

It's also worth mentioning that some women with thyroid conditions may experience changes in milk supply or quality, but this can be managed with proper guidance and support. If you're concerned about your thyroid condition and breastfeeding, it's always best to consult with your healthcare provider for personalized advice. They can help you navigate any challenges and ensure a healthy breastfeeding journey for both you and your baby."
mujhe thyroid h to kya isse bhi breast milk pe asar hota h,mujhe thyroid h to kya isse bhi breast milk pe asar hota h,mixtral,"Thyroid issues can affect breast milk production. If a woman has an underactive thyroid (hypothyroidism), it may lead to decreased milk supply. On the other hand, an overactive thyroid (hyperthyroidism) might cause increased milk production. However, every woman's body is different, and these effects can vary. It's essential to consult a healthcare provider for personalized advice and treatment. Regular check-ups and proper medication can help manage thyroid issues and ensure a healthy breastfeeding experience."
mujhe thyroid h to kya isse bhi breast milk pe asar hota h,mujhe thyroid h to kya isse bhi breast milk pe asar hota h,mixtral_rag,"Thyroid issues can affect breast milk production, but it depends on the type and severity of the thyroid disorder. If you have concerns about your thyroid and how it might be affecting your breast milk, it's important to consult with a healthcare provider for personalized advice. They can evaluate your thyroid function and provide appropriate guidance to ensure the health and well-being of both you and your baby."
2.5 months hogae h pregnancy ko but vomet ya kch ni hora mjhe,2.5 months hogae h pregnancy ko but vomet ya kch ni hora mjhe,gpt-4-turbo,"Har pregnancy alag hoti hai, aur har mahila ke lakshan bhi alag hote hain. Kuch mahilao ko pehle trimester mein adhik matli aur vomiting hoti hai, jabki kuch ko bilkul bhi nahi hoti. Agar aapko vomiting ya matli nahi ho rahi hai, toh yeh bhi ek normal baat ho sakti hai. 

Zaroori hai ki aap apne regular prenatal check-ups ke liye jaayein aur apne doctor se apni pregnancy se related sabhi baaton ka jikr karein. Agar aapko koi aur symptoms ya chinta hai toh bhi apne doctor se baat karein. Apni diet aur hydration ka bhi dhyan rakhein, aur healthy lifestyle maintain karein.

Yadi aapko koi specific sawal ya chinta hai toh apne healthcare provider se milne mein hichkichahat na karein. Wo aapko aapki pregnancy ke dauraan zaroori salah aur madad provide karenge."
2.5 months hogae h pregnancy ko but vomet ya kch ni hora mjhe,2.5 months hogae h pregnancy ko but vomet ya kch ni hora mjhe,gpt-4-turbo_rag,"Aapko chinta karne ki zarurat nahi hai agar aapko pregnancy ke 2.5 mahine mein vomiting ya koi aur takleef nahi ho rahi hai. Har mahila ki pregnancy alag hoti hai, aur kuch mahilao ko vomiting ya morning sickness nahi hoti. Yeh bilkul normal hai. Lekin, agar aapko koi aur symptoms dikhayi de rahe hain jo aapko pareshan kar rahe hain, toh aapko apne healthcare provider se zaroor consult karna chahiye. Woh aapki aur aapke baby ki health ka sahi se assessment kar sakenge. Aapka dhyan rakhna aur regular check-ups karwana important hai."
2.5 months hogae h pregnancy ko but vomet ya kch ni hora mjhe,2.5 months hogae h pregnancy ko but vomet ya kch ni hora mjhe,llama,"2.5 months pregnancy mein vometing ho raha hai, yah ek common samasya hai jo kai mahilaon ko pasand aati hai. 

Lekin, agar aapke vometing bahut adhik ho rahe hain, ya aapko kisi tarah ki dard ya asantulan mahsoos ho raha hai, to aapko doctor se parichay karna chahiye. 

Vometing ko kam karne ke liye, aap kuch cheezon ka paalan kar sakte hain: 

- Pani peene ka abhyas karen, kam se kam 8-10 glass peene ki koshish karen. 
- Dahi aur shakar ka sevan karen, yah aapke sharir ko majboot banane mein madad karta hai. 
- Aapke diet mein fiber ka adhik sevan karen, jaise ki sabjiyon, fruits aur whole grains. 

Lekin, agar aapke vometing bahut adhik ho rahe hain, ya aapko kisi tarah ki dard ya asantulan mahsoos ho raha hai, to aapko doctor se parichay karna chahiye. 

Doctor aapke vometing ko kam karne mein madad kar sakta hai, aur aapko kisi bhi samasya ke liye upchar diya ja sakta hai. 

Aapko apne doctor se baat karna chahiye, aur unse aapke vometing ke baare mein puchhna chahiye. 

Aapke vometing ko kam karne ke liye, aap kuch cheezon ka paalan kar sakte hain, jaise ki: 

- Pani peene ka abhyas karen, kam se kam 8-10 glass peene ki koshish karen. 
- Dahi aur shakar ka sevan karen, yah aapke sharir ko majboot banane mein madad karta hai. 
- Aapke diet mein fiber ka adhik sevan karen, jaise ki sabjiyon, fruits aur whole grains. 

Aapko apne doctor se baat karna chahiye, aur unse aapke vometing ke ba"
2.5 months hogae h pregnancy ko but vomet ya kch ni hora mjhe,2.5 months hogae h pregnancy ko but vomet ya kch ni hora mjhe,llama_rag,"I don't have enough information to answer this question based on the provided guidelines. The guidelines do not provide information on the management of vomiting during pregnancy or postpartum. However, I can provide general information on the topic. Vomiting during pregnancy is a common symptom, and in most cases, it is not a cause for concern. However, if the vomiting is severe, persistent, or accompanied by other symptoms such as dizziness, fainting, or abdominal pain, it's essential to consult a healthcare provider. Similarly, if you are experiencing vomiting after delivery, it's crucial to seek medical attention if you are experiencing severe vomiting, diarrhea, or abdominal pain. Please consult a healthcare provider for personalized advice. 

Please note that the guidelines do not provide specific information on the management of vomiting during pregnancy or postpartum. If you have concerns about your health, please consult a healthcare provider. 

For further information, you can refer to the guidelines on postpartum care, which may provide information on managing vomiting and other postpartum complications. However, I would recommend consulting a healthcare provider for personalized advice. 

Please note that the guidelines do not provide specific information on the management of vomiting during pregnancy or postpartum. If you have concerns about your health, please consult a healthcare provider. 

For further information, you can refer to the guidelines on postpartum care, which may provide information on managing vomiting and other postpartum complications. However, I would recommend consulting a healthcare provider for personalized advice. 

Please note that the guidelines do not provide specific information on the management of vomiting during pregnancy or postpartum. If you have concerns about your health, please consult a healthcare provider. 

For further information, you can refer to the guidelines on postpartum care, which may provide information on managing vomiting and other postpartum complications. However, I would recommend consulting a healthcare provider for personalized advice. 

Please note that the guidelines do not provide specific information on the management of vomiting during pregnancy or postpartum. If you have concerns about your health, please consult a healthcare provider. 

For further information, you can refer to the guidelines on postpartum care, which may provide information on managing vomiting and other postpartum complications. However, I would recommend consulting a healthcare provider for personalized advice. 

Please note that the guidelines do not provide specific information on the management of vomiting during pregnancy or postpartum. If you have concerns about your health, please consult a healthcare provider. 

For further information, you can"
2.5 months hogae h pregnancy ko but vomet ya kch ni hora mjhe,2.5 months hogae h pregnancy ko but vomet ya kch ni hora mjhe,mixtral,"Apka 2.5 mahine ho gaya hai tabhi toh aapko vomiting nahi hona chahiye. Lekin agar aapko vomiting ho raha hai toh aap apne sahi doctor se consult karein. Is baar vomiting ka koi specific reason nahi hai, isliye aapko koi dar nahi karna chahiye. Aapne kuch khana khaya hai jo aapko vomiting kar raha hai ya koi anya koi koi koi koi koi koi koi koi koi koi koi koi koi koi koi koi koi koi koi koi koi koi koi koi koi koi koi koi koi koi koi koi koi koi koi koi koi koi koi koi koi koi koi koi koi koi koi koi koi koi koi koi koi koi koi koi koi koi koi koi koi koi koi koi koi koi koi koi koi koi koi koi koi koi koi koi koi koi koi koi koi koi koi koi koi koi koi koi koi koi koi koi koi koi koi koi koi koi koi koi koi koi koi koi koi koi koi koi koi koi koi koi koi koi koi koi koi koi koi koi koi koi koi koi koi koi koi koi koi koi koi koi koi koi koi koi koi koi koi koi koi koi koi koi koi koi koi koi koi koi koi koi koi koi koi koi koi koi koi koi koi koi koi koi koi koi koi koi koi koi koi koi koi koi koi koi koi koi koi koi koi koi koi koi koi koi koi koi koi koi koi koi koi k"
2.5 months hogae h pregnancy ko but vomet ya kch ni hora mjhe,2.5 months hogae h pregnancy ko but vomet ya kch ni hora mjhe,mixtral_rag,"Aapko 2.5 mahine se hogaye hue hamare garbha ko vomit ya kuch nahi hai, yeh aapki surakshit rahne ke liye koi khas kadam nahi lena chahta hai. Garbhaalamban mein vomiting kaam aata hai, lekin iska koi sthaayi nahi hai. Agar aapko vomiting ya koi anya problem hai to aap apne swasthya karyakarta se salah lena chahte hain."
जयदा टाइम तक बैठने से चक्कर आना खड़ा होने से पेट दर्द होने लगता हैमेरे को कौन सी टेबलेट खानी चाहिए अभी सट्टा मा लग चुका है,Query: Sitting for a long time causes dizziness and stomach pain when standing up. Which tablet should I take? I have just given birth.,gpt-4-turbo,"आपके लक्षणों के वर्णन से यह प्रतीत होता है कि आपको लंबे समय तक बैठने और खड़े होने पर कुछ असुविधा हो रही है। चक्कर आना और पेट दर्द गर्भावस्था में आम हो सकते हैं, लेकिन यह महत्वपूर्ण है कि इन लक्षणों की उचित जांच की जाए।

बिना डॉक्टर की सलाह के कोई भी दवा लेना सुरक्षित नहीं है, खासकर गर्भावस्था के दौरान। इसलिए, मेरी सलाह होगी कि आप अपने डॉक्टर से मिलें और उन्हें अपने लक्षणों के बारे में बताएं। वे आपकी जांच कर सकते हैं और आपको उचित दवा या उपचार की सलाह दे सकते हैं।

इस बीच, यह सुनिश्चित करें कि आप अच्छी तरह से हाइड्रेटेड रहें, नियमित रूप से हल्की फुल्की गतिविधियाँ करें, और संतुलित आहार लें। लंबे समय तक एक ही मुद्रा में न बैठें या खड़े न रहें।

यदि आपको तुरंत राहत की आवश्यकता है, तो आप आराम करने की कोशिश करें और गहरी सांस लें। लेकिन फिर भी, डॉक्टर से सलाह लेना सबसे उचित होगा।"
जयदा टाइम तक बैठने से चक्कर आना खड़ा होने से पेट दर्द होने लगता हैमेरे को कौन सी टेबलेट खानी चाहिए अभी सट्टा मा लग चुका है,Query: Sitting for a long time causes dizziness and stomach pain when standing up. Which tablet should I take? I have just given birth.,gpt-4-turbo_rag,"मुझे आपके प्रश्न का उत्तर देने के लिए पर्याप्त जानकारी नहीं है क्योंकि प्रदान की गई दिशानिर्देशों में इस स्थिति के लिए विशेष जानकारी शामिल नहीं है। चक्कर आना और खड़े होने पर पेट दर्द होना जैसी समस्याएं गंभीर हो सकती हैं, इसलिए मैं आपको सलाह दूंगा कि आप जल्द से जल्द एक स्वास्थ्य सेवा प्रदाता से संपर्क करें। वे आपकी विशेष स्थिति का मूल्यांकन कर सकते हैं और उचित उपचार प्रदान कर सकते हैं। अपनी सुरक्षा के लिए, कृपया बिना चिकित्सकीय सलाह के कोई दवा न लें।"
जयदा टाइम तक बैठने से चक्कर आना खड़ा होने से पेट दर्द होने लगता हैमेरे को कौन सी टेबलेट खानी चाहिए अभी सट्टा मा लग चुका है,Query: Sitting for a long time causes dizziness and stomach pain when standing up. Which tablet should I take? I have just given birth.,llama,"प्रिय माँ, मैं आपको आश्वस्त करना चाहती हूँ कि आपके पास स्वस्थ और सुरक्षित गर्भावस्था और प्रसव का समय है। 

जयदा समय तक बैठने से चक्कर आना और खड़े होने से पेट दर्द होना एक सामान्य समस्या है, खासकर जब गर्भावस्था के पहले तीन महीने होते हैं। यह समस्या कई कारणों से हो सकती है, जैसे कि गर्भाशय में दबाव, प्लेसेंटा की स्थिति, और गर्भावस्था के दौरान होने वाली हार्मोनल परिवर्तन।

अब, आपके सट्टा मा लग चुका होने के बारे में बात करते हैं। सट्टा मा एक प्रकार का हार्मोनल गर्भ निरोधक है, जो गर्भावस्था को रोकने में मदद करता है। लेकिन, सट्टा मा का उपयोग करते समय, आपको कुछ सावधानियां बरतनी चाहिए।

सट्टा मा के दुष्प्रभावों में चक्कर आना, खड़े होने से पेट दर्द, और अन्य लक्षण शामिल हो सकते हैं। ये लक्षण आमतौर पर हल्के होते हैं और कुछ दिनों में दूर हो जाते हैं।

अब, आपको कौन सी टेबलेट खानी चाहिए, इसके बारे में बात करते हैं। मैं आपको सलाह दूंगा कि आप अपने डॉक्टर से संपर्क करें और उनसे अपने लक्षणों के बारे में चर्चा करें। वे आपको उचित सलाह दे सकते हैं और आपको किसी भी आवश्यक उपचार की सिफारिश कर सकते हैं।

कुछ घरेलू उपचार जो आपको मदद कर सकते हैं"
जयदा टाइम तक बैठने से चक्कर आना खड़ा होने से पेट दर्द होने लगता हैमेरे को कौन सी टेबलेट खानी चाहिए अभी सट्टा मा लग चुका है,Query: Sitting for a long time causes dizziness and stomach pain when standing up. Which tablet should I take? I have just given birth.,llama_rag,"मैं समझता हूँ कि आपको समय से पहले गर्भावस्था हो रही है और आपको चक्कर आना और खड़े होने से पेट दर्द हो रहा है। यह सामान्य हो सकता है क्योंकि आपके शरीर में हार्मोन का स्तर बढ़ रहा है। लेकिन अगर यह दर्द और चक्कर आना गंभीर हो जाता है या आपको अन्य लक्षण जैसे कि बुखार, थकान, या सांस लेने में कठिनाई होती है, तो आपको तुरंत डॉक्टर से संपर्क करना चाहिए। 

कुछ घरेलू उपचार जो आपको मदद कर सकते हैं:

- पानी पीना और नमक का सेवन करना
- हल्के व्यायाम जैसे कि चलना या स्ट्रेचिंग
- गर्म पानी से स्नान करना
- हल्के भोजन जैसे कि रोटी, पारठा, या टोस्ट खाना

लेकिन अगर आपको लगता है कि आपके लक्षण गंभीर हो सकते हैं या आपको अन्य चिंताएं हैं, तो कृपया अपने डॉक्टर से संपर्क करें।

(Translation: 
I understand that you're experiencing early pregnancy and experiencing dizziness and abdominal pain when standing up. This can be normal due to the increasing levels of hormones in your body. However, if the pain and dizziness become severe or you experience other symptoms such as fever, fatigue, or difficulty breathing, you need to contact your doctor immediately. 

Some home remedies that may help:

- Drinking water and consuming salt
- Light exercise such as walking or stretching
- Taking a warm bath
- Light meals such as roti, paratha, or toast

However, if you think your symptoms are severe or you have other concerns, please contact your doctor.)

Please note that the response is based on the provided context and is intended to be reassuring and accurate. However, it's essential to consult a healthcare provider for personalized advice, especially if symptoms worsen or persist."
जयदा टाइम तक बैठने से चक्कर आना खड़ा होने से पेट दर्द होने लगता हैमेरे को कौन सी टेबलेट खानी चाहिए अभी सट्टा मा लग चुका है,Query: Sitting for a long time causes dizziness and stomach pain when standing up. Which tablet should I take? I have just given birth.,mixtral,आपको पेट दर्द के लिए टिंडोल या बेलादोना टेबलेट लेने की सलाह दी जाती है। लेकिन आप अपने डाक्टर से सलाह लेने से पहले अपनी स्थिति को समझना बेहतर है।
जयदा टाइम तक बैठने से चक्कर आना खड़ा होने से पेट दर्द होने लगता हैमेरे को कौन सी टेबलेट खानी चाहिए अभी सट्टा मा लग चुका है,Query: Sitting for a long time causes dizziness and stomach pain when standing up. Which tablet should I take? I have just given birth.,mixtral_rag,"If you are experiencing abdominal pain after sitting for a long time, it might be due to gas or muscle strain. You can try taking a walk or doing some light stretching exercises to relieve the pain. If the pain persists or is severe, it is recommended to consult a healthcare provider for a proper diagnosis and treatment."
सर्दी -जुकाम  हो रहा  है।इसका बच्चे पर तो कोई प्रभाव  नहीं  होगा ।,Query: Cold and cough is occurring. It will not have any effect on the baby.,gpt-4-turbo,"सर्दी-जुकाम आमतौर पर हल्की बीमारी होती है और यह आमतौर पर गर्भस्थ शिशु पर कोई नकारात्मक प्रभाव नहीं डालती। हालांकि, यह महत्वपूर्ण है कि आप अपनी सेहत का ख्याल रखें और अगर सर्दी-जुकाम लंबे समय तक बना रहे या अधिक गंभीर लक्षण दिखाई दें, तो आपको चिकित्सक से सलाह लेनी चाहिए। आराम करना, पर्याप्त पानी पीना और संतुलित आहार लेना आपके और आपके बच्चे के लिए अच्छा होगा।

यदि आपको बुखार हो जाता है या आपको सांस लेने में कठिनाई होती है, तो तुरंत डॉक्टर से संपर्क करें क्योंकि यह अधिक गंभीर स्थिति का संकेत हो सकता है।

याद रखें, आपकी और आपके बच्चे की सेहत सबसे महत्वपूर्ण है, इसलिए समय-समय पर अपने स्वास्थ्य परिचर्या की समीक्षा करवाना और चिकित्सक की सलाह लेना उचित रहेगा।"
सर्दी -जुकाम  हो रहा  है।इसका बच्चे पर तो कोई प्रभाव  नहीं  होगा ।,Query: Cold and cough is occurring. It will not have any effect on the baby.,gpt-4-turbo_rag,"सर्दी-जुकाम आमतौर पर हल्की स्थिति होती है और यह अक्सर बच्चों पर गंभीर प्रभाव नहीं डालती। हालांकि, यह महत्वपूर्ण है कि आप बच्चे की निगरानी करें और अगर बच्चे में निम्नलिखित लक्षण दिखाई दें तो तुरंत स्वास्थ्य सेवा प्रदाता से संपर्क करें:

- तेज बुखार
- सांस लेने में कठिनाई
- निरंतर रोना या असामान्य शांत होना
- खाना पीना कम कर देना

अगर आपको ये लक्षण नहीं दिखाई देते हैं, तो आमतौर पर सर्दी-जुकाम से बच्चे को कोई गंभीर समस्या नहीं होती। फिर भी, अगर आपको कोई चिंता है तो डॉक्टर से सलाह लेना उचित होगा।"
सर्दी -जुकाम  हो रहा  है।इसका बच्चे पर तो कोई प्रभाव  नहीं  होगा ।,Query: Cold and cough is occurring. It will not have any effect on the baby.,llama,"नमस्ते माँ, सर्दी और जुकाम के लक्षण होने पर आपको चिंतित होने की जरूरत नहीं है। हालांकि, यह महत्वपूर्ण है कि आप अपने बच्चे की सुरक्षा के लिए सावधानी बरतें।

सर्दी और जुकाम के लक्षणों में श्वसन प्रणाली की समस्या हो सकती है, जो आपके बच्चे के लिए खतरनाक हो सकती है। इसलिए, यदि आपको सर्दी या जुकाम है, तो आपको अपने डॉक्टर से परामर्श करना चाहिए और उनकी सलाह का पालन करना चाहिए।

आपको अपने बच्चे को साफ-सफाई के साथ रखना चाहिए और सुनिश्चित करना चाहिए कि वह स्वस्थ और सुरक्षित रहे। इसके अलावा, यदि आपको सर्दी या जुकाम के लक्षण हैं, तो आपको अपने बच्चे को खिलाने में सावधानी बरतनी चाहिए और सुनिश्चित करना चाहिए कि वह पर्याप्त पोषण प्राप्त कर रहा है।

आपके बच्चे की सेहत के लिए आपकी चिंता और सावधानी के लिए धन्यवाद। यदि आपके पास कोई और प्रश्न हैं, तो मुझे पूछने में संकोच न करें।

Translation:
Hello mom, don't worry about having a cold and flu, but it's essential to be cautious about your baby's safety. A cold and flu can cause respiratory problems, which can be dangerous for your baby. So, if you have a cold or flu, please consult your doctor and follow their advice.

Keep your baby clean and hygienic, and ensure they stay healthy and safe. Also, be careful when feeding your baby, and make sure they're getting enough nutrition.

Thank you for your concern and caution for your baby's health. If you have any more questions, don't hesitate to ask."
सर्दी -जुकाम  हो रहा  है।इसका बच्चे पर तो कोई प्रभाव  नहीं  होगा ।,Query: Cold and cough is occurring. It will not have any effect on the baby.,llama_rag,"जुकाम के लक्षणों में सिरदर्द, खांसी, और सिरदर्द शामिल हो सकते हैं। जुकाम के लक्षणों में सिरदर्द, खांसी, और सिरदर्द शामिल हो सकते हैं। जुकाम के लक्षणों में सिरदर्द, खांसी, और सिरदर्द शामिल हो सकते हैं। जुकाम के लक्षणों में सिरदर्द, खांसी, और सिरदर्द शामिल हो सकते हैं। जुकाम के लक्षणों में सिरदर्द, खांसी, और सिरदर्द शामिल हो सकते हैं। जुकाम के लक्षणों में सिरदर्द, खांसी, और सिरदर्द शामिल हो सकते हैं। जुकाम के लक्षणों में सिरदर्द, खांसी, और सिरदर्द शामिल हो सकते हैं। जुकाम के लक्षणों में सिरदर्द, खांसी, और सिरदर्द शामिल हो सकते हैं। जुकाम के लक्षणों में सिरदर्द, खांसी, और सिरदर्द शामिल हो सकते हैं। जुकाम के लक्षणों में सिरदर्द, खांसी, और सिरदर्द शामिल हो सकते हैं। जुकाम के लक्षणों में सिरदर्द, खांसी, और सिरदर्द शामिल हो सकते हैं। जुकाम के लक्षणों में सिरदर्द, खांसी, और सिरदर्द शामिल हो सकते हैं। जुकाम के लक्षणों में सिरदर्द, खांसी, और सिरदर्द शामिल हो सकते हैं। जुकाम के लक्षणों में सिरदर्द, खांसी, और सिरदर्द शामिल हो सकते हैं। जुकाम के लक्षणों में सिरदर्द, खांसी, और सिरदर्द शामिल हो सकते हैं। जुकाम के लक्षणों में सिरदर्द, खां"
सर्दी -जुकाम  हो रहा  है।इसका बच्चे पर तो कोई प्रभाव  नहीं  होगा ।,Query: Cold and cough is occurring. It will not have any effect on the baby.,mixtral,"आपके बच्चे पर सर्दी का कोई प्रभाव नहीं पड़ेगा। लेकिन आपको अपने स्वास्थ्य पर ध्यान देना चाहिए। अगर आपकी स्थिति बेहतर नहीं होती है या बच्चे के साथ समस्या होने लगती है, तो आप अपने चिकित्सक से संपर्क करें।"
सर्दी -जुकाम  हो रहा  है।इसका बच्चे पर तो कोई प्रभाव  नहीं  होगा ।,Query: Cold and cough is occurring. It will not have any effect on the baby.,mixtral_rag,"During winter, it is normal for babies to feel a little cold, but it should not affect their overall health. However, if the baby is showing signs of being unwell, such as lethargy, refusal to feed, or difficulty breathing, it is important to seek medical attention immediately. It is also crucial to keep the baby warm by covering their head and feet, and dressing them in extra clothing. If the baby's temperature is too low or too high, it is a sign of illness and requires medical attention. It is always best to consult a healthcare provider for personalized medical advice."
